"DESCRIPTION","DURATION IN MS","NAME","PARENT SUITE","START TIME","STATUS","STOP TIME","SUB SUITE","SUITE","TEST CLASS","TEST METHOD"
"","156","login_ShouldReturnUnauthorized_WhenCredentialsAreIncorrect()","","2026-08-28","passed","2026-08-28","","io.github.filipchyla.shopapi.auth.AuthIntegrationTest","io.github.filipchyla.shopapi.auth.AuthIntegrationTest","login_ShouldReturnUnauthorized_WhenCredentialsAreIncorrect"
"","167","refresh_ShouldReturnUnauthorized_WhenCookieIsReused()","","2026-08-28","passed","2026-08-28","","io.github.filipchyla.shopapi.auth.AuthIntegrationTest","io.github.filipchyla.shopapi.auth.AuthIntegrationTest","refresh_ShouldReturnUnauthorized_WhenCookieIsReused"
"","9","addCategory_ShouldReturnNotFound_WhenParentIdDoesNotExist()","","2026-08-28","passed","2026-08-28","","io.github.filipchyla.shopapi.product.category.controller.CategoryAdminControllerTest.AddCategory","io.github.filipchyla.shopapi.product.category.controller.CategoryAdminControllerTest$AddCategory","addCategory_ShouldReturnNotFound_WhenParentIdDoesNotExist"
"","5","postCategories_IsAccessible_WhenAdmin()","","2026-08-28","passed","2026-08-28","","io.github.filipchyla.shopapi.config.authorization.CategoryAuthorizationTest","io.github.filipchyla.shopapi.config.authorization.CategoryAuthorizationTest","postCategories_IsAccessible_WhenAdmin"
"","2","deleteProduct_ShouldMarkProductInactive_WhenProductExists()","","2026-08-28","passed","2026-08-28","","io.github.filipchyla.shopapi.product.ProductServiceTest.DeleteProduct","io.github.filipchyla.shopapi.product.ProductServiceTest$DeleteProduct","deleteProduct_ShouldMarkProductInactive_WhenProductExists"
"","3","getProductById_ShouldNotCacheResult_WhenProductNotFound()","","2026-08-28","passed","2026-08-28","","io.github.filipchyla.shopapi.product.ProductServiceCacheTest.GetProductById","io.github.filipchyla.shopapi.product.ProductServiceCacheTest$GetProductById","getProductById_ShouldNotCacheResult_WhenProductNotFound"
"","126","updateProduct_ShouldPutResultInCache_ForGivenId()","","2026-08-28","passed","2026-08-28","","io.github.filipchyla.shopapi.product.ProductServiceCacheTest.UpdateProduct","io.github.filipchyla.shopapi.product.ProductServiceCacheTest$UpdateProduct","updateProduct_ShouldPutResultInCache_ForGivenId"
"","338","getProduct_ReflectsUpdatedStock_AfterCachePutOnStockUpdate()","","2026-08-28","passed","2026-08-28","","io.github.filipchyla.shopapi.product.ProductIntegrationTest.GetProduct","io.github.filipchyla.shopapi.product.ProductIntegrationTest$GetProduct","getProduct_ReflectsUpdatedStock_AfterCachePutOnStockUpdate"
"","3","cookieBasedEndpoints_ShouldReturnForbidden_WhenCsrfTokenMissing(HttpMethod, String) [2] method=POST, url=/api/v1/auth/logout","","2026-08-28","passed","2026-08-28","","io.github.filipchyla.shopapi.config.CsrfConfigurationTest","io.github.filipchyla.shopapi.config.CsrfConfigurationTest","cookieBasedEndpoints_ShouldReturnForbidden_WhenCsrfTokenMissing"
"","325","getProducts_FiltersByCategoryId()","","2026-08-28","passed","2026-08-28","","io.github.filipchyla.shopapi.product.ProductIntegrationTest.GetProducts","io.github.filipchyla.shopapi.product.ProductIntegrationTest$GetProducts","getProducts_FiltersByCategoryId"
"","345","getProducts_ReturnsEmptyPage_WhenNoProductsExist()","","2026-08-28","passed","2026-08-28","","io.github.filipchyla.shopapi.product.ProductIntegrationTest.GetProducts","io.github.filipchyla.shopapi.product.ProductIntegrationTest$GetProducts","getProducts_ReturnsEmptyPage_WhenNoProductsExist"
"","4","shouldDeleteAllUserSessions()","","2026-08-28","passed","2026-08-28","","io.github.filipchyla.shopapi.auth.service.RefreshTokenServiceTest.RevokeAllForUser","io.github.filipchyla.shopapi.auth.service.RefreshTokenServiceTest$RevokeAllForUser","shouldDeleteAllUserSessions"
"","5","addCategory_ShouldSetParentAndSave_WhenParentIdIsProvided()","","2026-08-28","passed","2026-08-28","","io.github.filipchyla.shopapi.product.category.CategoryServiceTest.AddCategory","io.github.filipchyla.shopapi.product.category.CategoryServiceTest$AddCategory","addCategory_ShouldSetParentAndSave_WhenParentIdIsProvided"
"","2","getCategoryTree_ShouldReturnEmptyList_WhenNoCategoriesExist()","","2026-08-28","passed","2026-08-28","","io.github.filipchyla.shopapi.product.category.CategoryServiceTest.GetCategoryTree","io.github.filipchyla.shopapi.product.category.CategoryServiceTest$GetCategoryTree","getCategoryTree_ShouldReturnEmptyList_WhenNoCategoriesExist"
"","3","deleteProduct_ShouldNotEvictOtherCachedEntries()","","2026-08-28","passed","2026-08-28","","io.github.filipchyla.shopapi.product.ProductServiceCacheTest.DeleteProduct","io.github.filipchyla.shopapi.product.ProductServiceCacheTest$DeleteProduct","deleteProduct_ShouldNotEvictOtherCachedEntries"
"","331","updateStock_ReturnsForbidden_WhenUserIsNotAdmin()","","2026-08-28","passed","2026-08-28","","io.github.filipchyla.shopapi.product.ProductIntegrationTest.UpdateStock","io.github.filipchyla.shopapi.product.ProductIntegrationTest$UpdateStock","updateStock_ReturnsForbidden_WhenUserIsNotAdmin"
"","134","updateCategory_ShouldThrowNotFound_WhenParentDoesNotExist()","","2026-08-28","passed","2026-08-28","","io.github.filipchyla.shopapi.product.category.CategoryServiceTest.UpdateCategory","io.github.filipchyla.shopapi.product.category.CategoryServiceTest$UpdateCategory","updateCategory_ShouldThrowNotFound_WhenParentDoesNotExist"
"","3","shouldNotEvictAnythingWhenSessionLimitIsNotExceeded()","","2026-08-28","passed","2026-08-28","","io.github.filipchyla.shopapi.auth.service.RefreshTokenServiceTest.CreateNewToken","io.github.filipchyla.shopapi.auth.service.RefreshTokenServiceTest$CreateNewToken","shouldNotEvictAnythingWhenSessionLimitIsNotExceeded"
"","3","addProduct_ShouldCreateProductAndReturnMappedResponse_WhenRequestIsValid()","","2026-08-28","passed","2026-08-28","","io.github.filipchyla.shopapi.product.controller.ProductAdminControllerTest.AddProduct","io.github.filipchyla.shopapi.product.controller.ProductAdminControllerTest$AddProduct","addProduct_ShouldCreateProductAndReturnMappedResponse_WhenRequestIsValid"
"","1","extractUsername_ShouldThrowException_WhenTokenIsInvalid()","","2026-08-28","passed","2026-08-28","","io.github.filipchyla.shopapi.auth.service.JwtServiceTest","io.github.filipchyla.shopapi.auth.service.JwtServiceTest","extractUsername_ShouldThrowException_WhenTokenIsInvalid"
"","3","getCategoryTree_ShouldCallRepositoryOnlyOnce_WhenCalledMultipleTimes()","","2026-08-28","passed","2026-08-28","","io.github.filipchyla.shopapi.product.category.CategoryServiceCacheTest.GetCategoryTree","io.github.filipchyla.shopapi.product.category.CategoryServiceCacheTest$GetCategoryTree","getCategoryTree_ShouldCallRepositoryOnlyOnce_WhenCalledMultipleTimes"
"","355","updateProduct_ReassignsCategory_WhenCategoryIdProvided()","","2026-08-28","passed","2026-08-28","","io.github.filipchyla.shopapi.product.ProductIntegrationTest.UpdateProduct","io.github.filipchyla.shopapi.product.ProductIntegrationTest$UpdateProduct","updateProduct_ReassignsCategory_WhenCategoryIdProvided"
"","8","getMe_IsAccessible_WhenAuthenticated()","","2026-08-28","passed","2026-08-28","","io.github.filipchyla.shopapi.config.authorization.UserAuthorizationTest","io.github.filipchyla.shopapi.config.authorization.UserAuthorizationTest","getMe_IsAccessible_WhenAuthenticated"
"","7","updateProduct_ShouldUpdateProductAndReturnMappedResponse_WhenRequestIsValid()","","2026-08-28","passed","2026-08-28","","io.github.filipchyla.shopapi.product.controller.ProductAdminControllerTest.UpdateProduct","io.github.filipchyla.shopapi.product.controller.ProductAdminControllerTest$UpdateProduct","updateProduct_ShouldUpdateProductAndReturnMappedResponse_WhenRequestIsValid"
"","3","isTokenValid_ShouldThrowException_WhenTokenIsExpired()","","2026-08-28","passed","2026-08-28","","io.github.filipchyla.shopapi.auth.service.JwtServiceTest","io.github.filipchyla.shopapi.auth.service.JwtServiceTest","isTokenValid_ShouldThrowException_WhenTokenIsExpired"
"","3","updateStock_ReturnsForbidden_WhenUser()","","2026-08-28","passed","2026-08-28","","io.github.filipchyla.shopapi.config.authorization.ProductAuthorizationTest","io.github.filipchyla.shopapi.config.authorization.ProductAuthorizationTest","updateStock_ReturnsForbidden_WhenUser"
"","5","updateCategory_ShouldOverrideParent_WhenParentIdIsNotNull()","","2026-08-28","passed","2026-08-28","","io.github.filipchyla.shopapi.product.category.CategoryServiceTest.UpdateCategory","io.github.filipchyla.shopapi.product.category.CategoryServiceTest$UpdateCategory","updateCategory_ShouldOverrideParent_WhenParentIdIsNotNull"
"","3","getProductById_ShouldCacheSeparateEntries_ForDifferentIds()","","2026-08-28","passed","2026-08-28","","io.github.filipchyla.shopapi.product.ProductServiceCacheTest.GetProductById","io.github.filipchyla.shopapi.product.ProductServiceCacheTest$GetProductById","getProductById_ShouldCacheSeparateEntries_ForDifferentIds"
"","321","updateStock_ReturnsNotFound_WhenProductDoesNotExist()","","2026-08-28","passed","2026-08-28","","io.github.filipchyla.shopapi.product.ProductIntegrationTest.UpdateStock","io.github.filipchyla.shopapi.product.ProductIntegrationTest$UpdateStock","updateStock_ReturnsNotFound_WhenProductDoesNotExist"
"","13","updatePassword_ShouldUpdatePassword_WhenRequestIsValid()","","2026-08-28","passed","2026-08-28","","io.github.filipchyla.shopapi.user.UserControllerTest","io.github.filipchyla.shopapi.user.UserControllerTest","updatePassword_ShouldUpdatePassword_WhenRequestIsValid"
"","1141","createUser_ShouldThrowEmailTakenException_WhenEmailIsTaken()","","2026-08-28","passed","2026-08-28","","io.github.filipchyla.shopapi.user.UserServiceTest","io.github.filipchyla.shopapi.user.UserServiceTest","createUser_ShouldThrowEmailTakenException_WhenEmailIsTaken"
"","1","doFilterInternal_ShouldNotSetAuthentication_WhenTokenIsInvalid()","","2026-08-28","passed","2026-08-28","","io.github.filipchyla.shopapi.security.filter.JwtAuthenticationFilterTest","io.github.filipchyla.shopapi.security.filter.JwtAuthenticationFilterTest","doFilterInternal_ShouldNotSetAuthentication_WhenTokenIsInvalid"
"","4","getProducts_ShouldReturnEmptyContent_WhenNoProductsExist()","","2026-08-28","passed","2026-08-28","","io.github.filipchyla.shopapi.product.controller.ProductControllerTest.GetProducts","io.github.filipchyla.shopapi.product.controller.ProductControllerTest$GetProducts","getProducts_ShouldReturnEmptyContent_WhenNoProductsExist"
"","4","register_ShouldReturnAccessTokenAndSetRefreshCookie_WhenRequestIsValid()","","2026-08-28","passed","2026-08-28","","io.github.filipchyla.shopapi.auth.AuthenticationControllerTest.RegisterRequestTest","io.github.filipchyla.shopapi.auth.AuthenticationControllerTest$RegisterRequestTest","register_ShouldReturnAccessTokenAndSetRefreshCookie_WhenRequestIsValid"
"","2","updateStock_ShouldOverwriteExistingCacheEntry()","","2026-08-28","passed","2026-08-28","","io.github.filipchyla.shopapi.product.ProductServiceCacheTest.UpdateStock","io.github.filipchyla.shopapi.product.ProductServiceCacheTest$UpdateStock","updateStock_ShouldOverwriteExistingCacheEntry"
"","334","updateCategory_UpdatesName_WhenAdminAndValidRequest()","","2026-08-28","passed","2026-08-28","","io.github.filipchyla.shopapi.product.category.CategoryIntegrationTest.UpdateCategory","io.github.filipchyla.shopapi.product.category.CategoryIntegrationTest$UpdateCategory","updateCategory_UpdatesName_WhenAdminAndValidRequest"
"","5","getCategories_ShouldReturnCategoryTreeFromService_WhenCategoriesExist()","","2026-08-28","passed","2026-08-28","","io.github.filipchyla.shopapi.product.category.controller.CategoryControllerTest.GetCategories","io.github.filipchyla.shopapi.product.category.controller.CategoryControllerTest$GetCategories","getCategories_ShouldReturnCategoryTreeFromService_WhenCategoriesExist"
"","332","deleteProduct_ReturnsUnauthorized_WhenNoTokenProvided()","","2026-08-28","passed","2026-08-28","","io.github.filipchyla.shopapi.product.ProductIntegrationTest.DeleteProduct","io.github.filipchyla.shopapi.product.ProductIntegrationTest$DeleteProduct","deleteProduct_ReturnsUnauthorized_WhenNoTokenProvided"
"","365","getProducts_FiltersByPriceRange()","","2026-08-28","passed","2026-08-28","","io.github.filipchyla.shopapi.product.ProductIntegrationTest.GetProducts","io.github.filipchyla.shopapi.product.ProductIntegrationTest$GetProducts","getProducts_FiltersByPriceRange"
"","16","getCategories_ShouldMapNestedTreeToJson_WhenCategoriesHaveDepth()","","2026-08-28","passed","2026-08-28","","io.github.filipchyla.shopapi.product.category.controller.CategoryControllerTest.GetCategories","io.github.filipchyla.shopapi.product.category.controller.CategoryControllerTest$GetCategories","getCategories_ShouldMapNestedTreeToJson_WhenCategoriesHaveDepth"
"","5","getProductById_IsAccessible_WithoutAuthentication()","","2026-08-28","passed","2026-08-28","","io.github.filipchyla.shopapi.config.authorization.ProductAuthorizationTest","io.github.filipchyla.shopapi.config.authorization.ProductAuthorizationTest","getProductById_IsAccessible_WithoutAuthentication"
"","321","getProduct_ReturnsNotFound_WhenProductDoesNotExist()","","2026-08-28","passed","2026-08-28","","io.github.filipchyla.shopapi.product.ProductIntegrationTest.GetProduct","io.github.filipchyla.shopapi.product.ProductIntegrationTest$GetProduct","getProduct_ReturnsNotFound_WhenProductDoesNotExist"
"","172","refresh_ShouldRotateCookieAndReturnsNewAccessToken_WhenCookieIsCorrect()","","2026-08-28","passed","2026-08-28","","io.github.filipchyla.shopapi.auth.AuthIntegrationTest","io.github.filipchyla.shopapi.auth.AuthIntegrationTest","refresh_ShouldRotateCookieAndReturnsNewAccessToken_WhenCookieIsCorrect"
"","9","logout_ShouldNotRevoke_WhenCookieMissing()","","2026-08-28","passed","2026-08-28","","io.github.filipchyla.shopapi.auth.AuthenticationControllerTest.LogoutTest","io.github.filipchyla.shopapi.auth.AuthenticationControllerTest$LogoutTest","logout_ShouldNotRevoke_WhenCookieMissing"
"","3","getProducts_ShouldReturnBadRequest_WhenSortFieldIsNotAllowed()","","2026-08-28","passed","2026-08-28","","io.github.filipchyla.shopapi.product.controller.ProductControllerTest.GetProducts","io.github.filipchyla.shopapi.product.controller.ProductControllerTest$GetProducts","getProducts_ShouldReturnBadRequest_WhenSortFieldIsNotAllowed"
"","318","addCategory_ReturnsUnauthorized_WhenNoTokenProvided()","","2026-08-28","passed","2026-08-28","","io.github.filipchyla.shopapi.product.category.CategoryIntegrationTest.AddCategory","io.github.filipchyla.shopapi.product.category.CategoryIntegrationTest$AddCategory","addCategory_ReturnsUnauthorized_WhenNoTokenProvided"
"","11","cookieBasedEndpoints_ShouldReturnForbidden_WhenCsrfTokenMissing(HttpMethod, String) [1] method=POST, url=/api/v1/auth/refresh","","2026-08-28","passed","2026-08-28","","io.github.filipchyla.shopapi.config.CsrfConfigurationTest","io.github.filipchyla.shopapi.config.CsrfConfigurationTest","cookieBasedEndpoints_ShouldReturnForbidden_WhenCsrfTokenMissing"
"","2","deleteProduct_ShouldEvictCacheEntry_ForGivenId()","","2026-08-28","passed","2026-08-28","","io.github.filipchyla.shopapi.product.ProductServiceCacheTest.DeleteProduct","io.github.filipchyla.shopapi.product.ProductServiceCacheTest$DeleteProduct","deleteProduct_ShouldEvictCacheEntry_ForGivenId"
"","13","authenticate_ShouldReturnUnauthorized_WhenCredentialsAreWrong()","","2026-08-28","passed","2026-08-28","","io.github.filipchyla.shopapi.auth.AuthenticationControllerTest.AuthenticationRequestTest","io.github.filipchyla.shopapi.auth.AuthenticationControllerTest$AuthenticationRequestTest","authenticate_ShouldReturnUnauthorized_WhenCredentialsAreWrong"
"","4","cookieBasedEndpoints_ShouldNotReturnForbidden_WhenCsrfTokenPresent(HttpMethod, String) [1] method=POST, url=/api/v1/auth/refresh","","2026-08-28","passed","2026-08-28","","io.github.filipchyla.shopapi.config.CsrfConfigurationTest","io.github.filipchyla.shopapi.config.CsrfConfigurationTest","cookieBasedEndpoints_ShouldNotReturnForbidden_WhenCsrfTokenPresent"
"","329","updateProduct_UpdatesFields_WhenAdminAndValidRequest()","","2026-08-28","passed","2026-08-28","","io.github.filipchyla.shopapi.product.ProductIntegrationTest.UpdateProduct","io.github.filipchyla.shopapi.product.ProductIntegrationTest$UpdateProduct","updateProduct_UpdatesFields_WhenAdminAndValidRequest"
"","2","changePassword_ShouldChangePassword_WhenCurrentPasswordIsCorrect()","","2026-08-28","passed","2026-08-28","","io.github.filipchyla.shopapi.auth.service.AuthenticationServiceTest","io.github.filipchyla.shopapi.auth.service.AuthenticationServiceTest","changePassword_ShouldChangePassword_WhenCurrentPasswordIsCorrect"
"","4","addCategory_ShouldThrowNotFound_WhenParentDoesNotExist()","","2026-08-28","passed","2026-08-28","","io.github.filipchyla.shopapi.product.category.CategoryServiceTest.AddCategory","io.github.filipchyla.shopapi.product.category.CategoryServiceTest$AddCategory","addCategory_ShouldThrowNotFound_WhenParentDoesNotExist"
"","4","addCategory_ShouldSaveCategoryWithoutParent_WhenParentIdIsNull()","","2026-08-28","passed","2026-08-28","","io.github.filipchyla.shopapi.product.category.CategoryServiceTest.AddCategory","io.github.filipchyla.shopapi.product.category.CategoryServiceTest$AddCategory","addCategory_ShouldSaveCategoryWithoutParent_WhenParentIdIsNull"
"","351","getProducts_DoesNotRequireAuthentication()","","2026-08-28","passed","2026-08-28","","io.github.filipchyla.shopapi.product.ProductIntegrationTest.GetProducts","io.github.filipchyla.shopapi.product.ProductIntegrationTest$GetProducts","getProducts_DoesNotRequireAuthentication"
"","17","deleteProduct_ShouldDeleteProductAndReturnConfirmationMessage()","","2026-08-28","passed","2026-08-28","","io.github.filipchyla.shopapi.product.controller.ProductAdminControllerTest.DeleteProduct","io.github.filipchyla.shopapi.product.controller.ProductAdminControllerTest$DeleteProduct","deleteProduct_ShouldDeleteProductAndReturnConfirmationMessage"
"","663","shouldRemoveOrphanedTokensFromSessionSet()","","2026-08-28","passed","2026-08-28","","io.github.filipchyla.shopapi.auth.service.RefreshTokenServiceTest.RevokeAllForUser","io.github.filipchyla.shopapi.auth.service.RefreshTokenServiceTest$RevokeAllForUser","shouldRemoveOrphanedTokensFromSessionSet"
"","330","addCategory_ReturnsBadRequest_WhenNameIsBlank()","","2026-08-28","passed","2026-08-28","","io.github.filipchyla.shopapi.product.category.CategoryIntegrationTest.AddCategory","io.github.filipchyla.shopapi.product.category.CategoryIntegrationTest$AddCategory","addCategory_ReturnsBadRequest_WhenNameIsBlank"
"","3","addProduct_ShouldSaveProduct_WhenCategoryExists()","","2026-08-28","passed","2026-08-28","","io.github.filipchyla.shopapi.product.ProductServiceTest.AddProduct","io.github.filipchyla.shopapi.product.ProductServiceTest$AddProduct","addProduct_ShouldSaveProduct_WhenCategoryExists"
"","81","refresh_ReturnBadRequest_WhenCookieIsMissing()","","2026-08-28","passed","2026-08-28","","io.github.filipchyla.shopapi.auth.AuthIntegrationTest","io.github.filipchyla.shopapi.auth.AuthIntegrationTest","refresh_ReturnBadRequest_WhenCookieIsMissing"
"","326","updateCategory_ReturnsNotFound_WhenNewParentDoesNotExist()","","2026-08-28","passed","2026-08-28","","io.github.filipchyla.shopapi.product.category.CategoryIntegrationTest.UpdateCategory","io.github.filipchyla.shopapi.product.category.CategoryIntegrationTest$UpdateCategory","updateCategory_ReturnsNotFound_WhenNewParentDoesNotExist"
"","169","updateProduct_ShouldThrowNotFound_WhenProductDoesNotExist()","","2026-08-28","passed","2026-08-28","","io.github.filipchyla.shopapi.product.ProductServiceTest.UpdateProduct","io.github.filipchyla.shopapi.product.ProductServiceTest$UpdateProduct","updateProduct_ShouldThrowNotFound_WhenProductDoesNotExist"
"","2","getCategoryTree_ShouldHitRepositoryAgain_AfterCacheIsManuallyCleared()","","2026-08-28","passed","2026-08-28","","io.github.filipchyla.shopapi.product.category.CategoryServiceCacheTest.GetCategoryTree","io.github.filipchyla.shopapi.product.category.CategoryServiceCacheTest$GetCategoryTree","getCategoryTree_ShouldHitRepositoryAgain_AfterCacheIsManuallyCleared"
"","343","deleteProduct_DeletesProduct_WhenAdminAndProductExists()","","2026-08-28","passed","2026-08-28","","io.github.filipchyla.shopapi.product.ProductIntegrationTest.DeleteProduct","io.github.filipchyla.shopapi.product.ProductIntegrationTest$DeleteProduct","deleteProduct_DeletesProduct_WhenAdminAndProductExists"
"","157","refresh_ShouldReturnUnauthorized_WhenCookieIsIncorrect()","","2026-08-28","passed","2026-08-28","","io.github.filipchyla.shopapi.auth.AuthIntegrationTest","io.github.filipchyla.shopapi.auth.AuthIntegrationTest","refresh_ShouldReturnUnauthorized_WhenCookieIsIncorrect"
"","88","getMe_ShouldReturnCurrentUser()","","2026-08-28","passed","2026-08-28","","io.github.filipchyla.shopapi.user.UserIntegrationTest","io.github.filipchyla.shopapi.user.UserIntegrationTest","getMe_ShouldReturnCurrentUser"
"","3","register_ShouldThrowException_WhenEmailIsTaken()","","2026-08-28","passed","2026-08-28","","io.github.filipchyla.shopapi.auth.service.AuthenticationServiceTest","io.github.filipchyla.shopapi.auth.service.AuthenticationServiceTest","register_ShouldThrowException_WhenEmailIsTaken"
"","2","deleteProduct_ShouldThrowNotFound_WhenProductDoesNotExist()","","2026-08-28","passed","2026-08-28","","io.github.filipchyla.shopapi.product.ProductServiceTest.DeleteProduct","io.github.filipchyla.shopapi.product.ProductServiceTest$DeleteProduct","deleteProduct_ShouldThrowNotFound_WhenProductDoesNotExist"
"","2","logoutAll_IsNotAccessible_WithoutAuthentication()","","2026-08-28","passed","2026-08-28","","io.github.filipchyla.shopapi.config.authorization.AuthenticationAuthorizationTest","io.github.filipchyla.shopapi.config.authorization.AuthenticationAuthorizationTest","logoutAll_IsNotAccessible_WithoutAuthentication"
"","330","updateCategory_ReturnsForbidden_WhenUserIsNotAdmin()","","2026-08-28","passed","2026-08-28","","io.github.filipchyla.shopapi.product.category.CategoryIntegrationTest.UpdateCategory","io.github.filipchyla.shopapi.product.category.CategoryIntegrationTest$UpdateCategory","updateCategory_ReturnsForbidden_WhenUserIsNotAdmin"
"","2","doFilterInternal_ShouldNotOverrideExistingAuthentication()","","2026-08-28","passed","2026-08-28","","io.github.filipchyla.shopapi.security.filter.JwtAuthenticationFilterTest","io.github.filipchyla.shopapi.security.filter.JwtAuthenticationFilterTest","doFilterInternal_ShouldNotOverrideExistingAuthentication"
"","1007","deleteCategory_ReturnsNotFound_WhenCategoryDoesNotExist()","","2026-08-28","passed","2026-08-28","","io.github.filipchyla.shopapi.product.category.CategoryIntegrationTest.DeleteCategory","io.github.filipchyla.shopapi.product.category.CategoryIntegrationTest$DeleteCategory","deleteCategory_ReturnsNotFound_WhenCategoryDoesNotExist"
"","2","shouldRemoveOrphanedTokenFromSessionSetDuringEviction()","","2026-08-28","passed","2026-08-28","","io.github.filipchyla.shopapi.auth.service.RefreshTokenServiceTest.CreateNewToken","io.github.filipchyla.shopapi.auth.service.RefreshTokenServiceTest$CreateNewToken","shouldRemoveOrphanedTokenFromSessionSetDuringEviction"
"","12","addProduct_ShouldReturnNotFound_WhenCategoryDoesNotExist()","","2026-08-28","passed","2026-08-28","","io.github.filipchyla.shopapi.product.controller.ProductAdminControllerTest.AddProduct","io.github.filipchyla.shopapi.product.controller.ProductAdminControllerTest$AddProduct","addProduct_ShouldReturnNotFound_WhenCategoryDoesNotExist"
"","4","shouldEvictOldestSessionWhenLimitIsExceeded()","","2026-08-28","passed","2026-08-28","","io.github.filipchyla.shopapi.auth.service.RefreshTokenServiceTest.CreateNewToken","io.github.filipchyla.shopapi.auth.service.RefreshTokenServiceTest$CreateNewToken","shouldEvictOldestSessionWhenLimitIsExceeded"
"","1","doFilterInternal_ShouldNotSetAuthentication_WhenUsernameIsNull()","","2026-08-28","passed","2026-08-28","","io.github.filipchyla.shopapi.security.filter.JwtAuthenticationFilterTest","io.github.filipchyla.shopapi.security.filter.JwtAuthenticationFilterTest","doFilterInternal_ShouldNotSetAuthentication_WhenUsernameIsNull"
"","85","register_ShouldReturnBadCredentials_WhenCredentialsAreIncorrect()","","2026-08-28","passed","2026-08-28","","io.github.filipchyla.shopapi.auth.AuthIntegrationTest","io.github.filipchyla.shopapi.auth.AuthIntegrationTest","register_ShouldReturnBadCredentials_WhenCredentialsAreIncorrect"
"","335","getProducts_ReturnsAllProducts_WhenNoFiltersApplied()","","2026-08-28","passed","2026-08-28","","io.github.filipchyla.shopapi.product.ProductIntegrationTest.GetProducts","io.github.filipchyla.shopapi.product.ProductIntegrationTest$GetProducts","getProducts_ReturnsAllProducts_WhenNoFiltersApplied"
"","3","getMe_IsNotAccessible_WithoutAuthentication()","","2026-08-28","passed","2026-08-28","","io.github.filipchyla.shopapi.config.authorization.UserAuthorizationTest","io.github.filipchyla.shopapi.config.authorization.UserAuthorizationTest","getMe_IsNotAccessible_WithoutAuthentication"
"","3","addProduct_ShouldThrowNotFound_WhenCategoryDoesNotExist()","","2026-08-28","passed","2026-08-28","","io.github.filipchyla.shopapi.product.ProductServiceTest.AddProduct","io.github.filipchyla.shopapi.product.ProductServiceTest$AddProduct","addProduct_ShouldThrowNotFound_WhenCategoryDoesNotExist"
"","6","shouldReturnUserId()","","2026-08-28","passed","2026-08-28","","io.github.filipchyla.shopapi.auth.service.RefreshTokenServiceTest.GetUserIdFromToken","io.github.filipchyla.shopapi.auth.service.RefreshTokenServiceTest$GetUserIdFromToken","shouldReturnUserId"
"","1","doFilterInternal_ShouldCallGetToken_WhenCsrfTokenPresent()","","2026-08-28","passed","2026-08-28","","io.github.filipchyla.shopapi.security.filter.CsrfCookieFilterTest","io.github.filipchyla.shopapi.security.filter.CsrfCookieFilterTest","doFilterInternal_ShouldCallGetToken_WhenCsrfTokenPresent"
"","18","deleteMe_ShouldDeactivateUser_WhenHeExists()","","2026-08-28","passed","2026-08-28","","io.github.filipchyla.shopapi.user.UserControllerTest","io.github.filipchyla.shopapi.user.UserControllerTest","deleteMe_ShouldDeactivateUser_WhenHeExists"
"","2","updateStock_ShouldThrowNotFound_WhenProductDoesNotExist()","","2026-08-28","passed","2026-08-28","","io.github.filipchyla.shopapi.product.ProductServiceTest.UpdateStock","io.github.filipchyla.shopapi.product.ProductServiceTest$UpdateStock","updateStock_ShouldThrowNotFound_WhenProductDoesNotExist"
"","113","updateCategory_ShouldEvictTreeCache()","","2026-08-28","passed","2026-08-28","","io.github.filipchyla.shopapi.product.category.CategoryServiceCacheTest.UpdateCategory","io.github.filipchyla.shopapi.product.category.CategoryServiceCacheTest$UpdateCategory","updateCategory_ShouldEvictTreeCache"
"","324","addProduct_ReturnsBadRequest_WhenNameIsBlank()","","2026-08-28","passed","2026-08-28","","io.github.filipchyla.shopapi.product.ProductIntegrationTest.AddProduct","io.github.filipchyla.shopapi.product.ProductIntegrationTest$AddProduct","addProduct_ReturnsBadRequest_WhenNameIsBlank"
"","1","changePassword_ShouldThrowException_WhenCurrentPasswordIsIncorrect()","","2026-08-28","passed","2026-08-28","","io.github.filipchyla.shopapi.auth.service.AuthenticationServiceTest","io.github.filipchyla.shopapi.auth.service.AuthenticationServiceTest","changePassword_ShouldThrowException_WhenCurrentPasswordIsIncorrect"
"","241","register_SetsRefreshCookieAndReturnsAccessToken_WhenCredentialsAreCorrect()","","2026-08-28","passed","2026-08-28","","io.github.filipchyla.shopapi.auth.AuthIntegrationTest","io.github.filipchyla.shopapi.auth.AuthIntegrationTest","register_SetsRefreshCookieAndReturnsAccessToken_WhenCredentialsAreCorrect"
"","3","getCategoryTree_ShouldHandlesMultipleRootsWithSeparateSubtrees()","","2026-08-28","passed","2026-08-28","","io.github.filipchyla.shopapi.product.category.CategoryServiceTest.GetCategoryTree","io.github.filipchyla.shopapi.product.category.CategoryServiceTest$GetCategoryTree","getCategoryTree_ShouldHandlesMultipleRootsWithSeparateSubtrees"
"","353","getCategories_ReturnsEmptyList_WhenNoCategoriesExist()","","2026-08-28","passed","2026-08-28","","io.github.filipchyla.shopapi.product.category.CategoryIntegrationTest.GetCategories","io.github.filipchyla.shopapi.product.category.CategoryIntegrationTest$GetCategories","getCategories_ReturnsEmptyList_WhenNoCategoriesExist"
"","2","doFilterInternal_ShouldContinueChainWithoutAuthentication_WhenHeaderIsNotBearer()","","2026-08-28","passed","2026-08-28","","io.github.filipchyla.shopapi.security.filter.JwtAuthenticationFilterTest","io.github.filipchyla.shopapi.security.filter.JwtAuthenticationFilterTest","doFilterInternal_ShouldContinueChainWithoutAuthentication_WhenHeaderIsNotBearer"
"","20","patchMe_ShouldUpdateOnlyProvidedFields_WhenRequestIsPartial()","","2026-08-28","passed","2026-08-28","","io.github.filipchyla.shopapi.user.UserControllerTest","io.github.filipchyla.shopapi.user.UserControllerTest","patchMe_ShouldUpdateOnlyProvidedFields_WhenRequestIsPartial"
"","1","doFilterInternal_ShouldContinueChainWithoutAuthentication_WhenNoAuthorizationHeader()","","2026-08-28","passed","2026-08-28","","io.github.filipchyla.shopapi.security.filter.JwtAuthenticationFilterTest","io.github.filipchyla.shopapi.security.filter.JwtAuthenticationFilterTest","doFilterInternal_ShouldContinueChainWithoutAuthentication_WhenNoAuthorizationHeader"
"","75","patchUser_ShouldThrowUserNotFoundException_WhenUserDoesNotExist()","","2026-08-28","passed","2026-08-28","","io.github.filipchyla.shopapi.user.UserServiceTest","io.github.filipchyla.shopapi.user.UserServiceTest","patchUser_ShouldThrowUserNotFoundException_WhenUserDoesNotExist"
"","4","getProductById_ShouldCallRepositoryOnlyOnce_WhenCalledMultipleTimesWithSameId()","","2026-08-28","passed","2026-08-28","","io.github.filipchyla.shopapi.product.ProductServiceCacheTest.GetProductById","io.github.filipchyla.shopapi.product.ProductServiceCacheTest$GetProductById","getProductById_ShouldCallRepositoryOnlyOnce_WhenCalledMultipleTimesWithSameId"
"","2","deleteCategory_ShouldDelegateToRepository()","","2026-08-28","passed","2026-08-28","","io.github.filipchyla.shopapi.product.category.CategoryServiceTest.DeleteCategory","io.github.filipchyla.shopapi.product.category.CategoryServiceTest$DeleteCategory","deleteCategory_ShouldDelegateToRepository"
"","3","shouldDeleteTokenSessionAndFamily()","","2026-08-28","passed","2026-08-28","","io.github.filipchyla.shopapi.auth.service.RefreshTokenServiceTest.RevokeToken","io.github.filipchyla.shopapi.auth.service.RefreshTokenServiceTest$RevokeToken","shouldDeleteTokenSessionAndFamily"
"","475","deleteProduct_ReturnsNotFound_WhenProductDoesNotExist()","","2026-08-28","passed","2026-08-28","","io.github.filipchyla.shopapi.product.ProductIntegrationTest.DeleteProduct","io.github.filipchyla.shopapi.product.ProductIntegrationTest$DeleteProduct","deleteProduct_ReturnsNotFound_WhenProductDoesNotExist"
"","3","updateCategory_ShouldNotOverrideParent_WhenParentIdIsNull()","","2026-08-28","passed","2026-08-28","","io.github.filipchyla.shopapi.product.category.CategoryServiceTest.UpdateCategory","io.github.filipchyla.shopapi.product.category.CategoryServiceTest$UpdateCategory","updateCategory_ShouldNotOverrideParent_WhenParentIdIsNull"
"","216","register_ShouldReturnPrincipal_WhenSuccessful()","","2026-08-28","passed","2026-08-28","","io.github.filipchyla.shopapi.auth.service.AuthenticationServiceTest","io.github.filipchyla.shopapi.auth.service.AuthenticationServiceTest","register_ShouldReturnPrincipal_WhenSuccessful"
"","2","findProducts_ShouldReturnPage_WhenPriceBoundsAreNull()","","2026-08-28","passed","2026-08-28","","io.github.filipchyla.shopapi.product.ProductServiceTest.FindProducts","io.github.filipchyla.shopapi.product.ProductServiceTest$FindProducts","findProducts_ShouldReturnPage_WhenPriceBoundsAreNull"
"","2","deleteCategory_IsNotAccessible_WithoutAuthentication()","","2026-08-28","passed","2026-08-28","","io.github.filipchyla.shopapi.config.authorization.CategoryAuthorizationTest","io.github.filipchyla.shopapi.config.authorization.CategoryAuthorizationTest","deleteCategory_IsNotAccessible_WithoutAuthentication"
"","9","getProducts_ShouldPassFiltersToService_WhenCategoryAndPriceRangeProvided()","","2026-08-28","passed","2026-08-28","","io.github.filipchyla.shopapi.product.controller.ProductControllerTest.GetProducts","io.github.filipchyla.shopapi.product.controller.ProductControllerTest$GetProducts","getProducts_ShouldPassFiltersToService_WhenCategoryAndPriceRangeProvided"
"","7","findProducts_ShouldReturnPage_WhenFiltersAreValid()","","2026-08-28","passed","2026-08-28","","io.github.filipchyla.shopapi.product.ProductServiceTest.FindProducts","io.github.filipchyla.shopapi.product.ProductServiceTest$FindProducts","findProducts_ShouldReturnPage_WhenFiltersAreValid"
"","16","register_ShouldReturnBadRequest_WhenBodyInvalid()","","2026-08-28","passed","2026-08-28","","io.github.filipchyla.shopapi.auth.AuthenticationControllerTest.RegisterRequestTest","io.github.filipchyla.shopapi.auth.AuthenticationControllerTest$RegisterRequestTest","register_ShouldReturnBadRequest_WhenBodyInvalid"
"","2","updateStock_ShouldPopulateCache_SoSubsequentGetDoesNotHitRepository()","","2026-08-28","passed","2026-08-28","","io.github.filipchyla.shopapi.product.ProductServiceCacheTest.UpdateStock","io.github.filipchyla.shopapi.product.ProductServiceCacheTest$UpdateStock","updateStock_ShouldPopulateCache_SoSubsequentGetDoesNotHitRepository"
"","8","getProduct_ShouldReturnProduct_WhenProductExists()","","2026-08-28","passed","2026-08-28","","io.github.filipchyla.shopapi.product.controller.ProductControllerTest.GetProduct","io.github.filipchyla.shopapi.product.controller.ProductControllerTest$GetProduct","getProduct_ShouldReturnProduct_WhenProductExists"
"","329","updateProduct_ReturnsNotFound_WhenProductDoesNotExist()","","2026-08-28","passed","2026-08-28","","io.github.filipchyla.shopapi.product.ProductIntegrationTest.UpdateProduct","io.github.filipchyla.shopapi.product.ProductIntegrationTest$UpdateProduct","updateProduct_ReturnsNotFound_WhenProductDoesNotExist"
"","3","shouldDoNothingWhenUserHasNoSessions()","","2026-08-28","passed","2026-08-28","","io.github.filipchyla.shopapi.auth.service.RefreshTokenServiceTest.RevokeAllForUser","io.github.filipchyla.shopapi.auth.service.RefreshTokenServiceTest$RevokeAllForUser","shouldDoNothingWhenUserHasNoSessions"
"","6","updateStock_ShouldReturnNotFound_WhenProductDoesNotExist()","","2026-08-28","passed","2026-08-28","","io.github.filipchyla.shopapi.product.controller.ProductAdminControllerTest.UpdateStock","io.github.filipchyla.shopapi.product.controller.ProductAdminControllerTest$UpdateStock","updateStock_ShouldReturnNotFound_WhenProductDoesNotExist"
"","78","doFilterInternal_ShouldReturnUnauthorized_WhenTokenIsInvalidJwt()","","2026-08-28","passed","2026-08-28","","io.github.filipchyla.shopapi.security.filter.JwtAuthenticationFilterTest","io.github.filipchyla.shopapi.security.filter.JwtAuthenticationFilterTest","doFilterInternal_ShouldReturnUnauthorized_WhenTokenIsInvalidJwt"
"","323","addCategory_CreatesRootCategory_WhenAdminAndValidRequest()","","2026-08-28","passed","2026-08-28","","io.github.filipchyla.shopapi.product.category.CategoryIntegrationTest.AddCategory","io.github.filipchyla.shopapi.product.category.CategoryIntegrationTest$AddCategory","addCategory_CreatesRootCategory_WhenAdminAndValidRequest"
"","2","updateStock_ShouldUpdateStockQuantity_WhenProductExists()","","2026-08-28","passed","2026-08-28","","io.github.filipchyla.shopapi.product.ProductServiceTest.UpdateStock","io.github.filipchyla.shopapi.product.ProductServiceTest$UpdateStock","updateStock_ShouldUpdateStockQuantity_WhenProductExists"
"","338","updateProduct_ReturnsBadRequest_WhenPriceIsNegative()","","2026-08-28","passed","2026-08-28","","io.github.filipchyla.shopapi.product.ProductIntegrationTest.UpdateProduct","io.github.filipchyla.shopapi.product.ProductIntegrationTest$UpdateProduct","updateProduct_ReturnsBadRequest_WhenPriceIsNegative"
"","6","shouldRevokeOldTokenAndCreateNewTokenInSameFamily()","","2026-08-28","passed","2026-08-28","","io.github.filipchyla.shopapi.auth.service.RefreshTokenServiceTest.RotateToken","io.github.filipchyla.shopapi.auth.service.RefreshTokenServiceTest$RotateToken","shouldRevokeOldTokenAndCreateNewTokenInSameFamily"
"","345","updateCategory_ReassignsParent_WhenParentIdProvided()","","2026-08-28","passed","2026-08-28","","io.github.filipchyla.shopapi.product.category.CategoryIntegrationTest.UpdateCategory","io.github.filipchyla.shopapi.product.category.CategoryIntegrationTest$UpdateCategory","updateCategory_ReassignsParent_WhenParentIdProvided"
"","332","addProduct_ReturnsForbidden_WhenUserIsNotAdmin()","","2026-08-28","passed","2026-08-28","","io.github.filipchyla.shopapi.product.ProductIntegrationTest.AddProduct","io.github.filipchyla.shopapi.product.ProductIntegrationTest$AddProduct","addProduct_ReturnsForbidden_WhenUserIsNotAdmin"
"","247","login_SetsRefreshCookieAndReturnsAccessToken_WhenCredentialsAreCorrect()","","2026-08-28","passed","2026-08-28","","io.github.filipchyla.shopapi.auth.AuthIntegrationTest","io.github.filipchyla.shopapi.auth.AuthIntegrationTest","login_SetsRefreshCookieAndReturnsAccessToken_WhenCredentialsAreCorrect"
"","7","logoutAll_ShouldRevokeAllTokensForUser_WhenUserIsAuthenticated()","","2026-08-28","passed","2026-08-28","","io.github.filipchyla.shopapi.auth.AuthenticationControllerTest.LogoutTest","io.github.filipchyla.shopapi.auth.AuthenticationControllerTest$LogoutTest","logoutAll_ShouldRevokeAllTokensForUser_WhenUserIsAuthenticated"
"","10","delete_ShouldDeleteCategoryAndReturnsConfirmationMessage()","","2026-08-28","passed","2026-08-28","","io.github.filipchyla.shopapi.product.category.controller.CategoryAdminControllerTest.DeleteCategory","io.github.filipchyla.shopapi.product.category.controller.CategoryAdminControllerTest$DeleteCategory","delete_ShouldDeleteCategoryAndReturnsConfirmationMessage"
"","2","isTokenValid_ShouldReturnTrue_WhenTokenIsForUser()","","2026-08-28","passed","2026-08-28","","io.github.filipchyla.shopapi.auth.service.JwtServiceTest","io.github.filipchyla.shopapi.auth.service.JwtServiceTest","isTokenValid_ShouldReturnTrue_WhenTokenIsForUser"
"","246","updatePassword_ShouldChangePassword_WhenCurrentPasswordIsCorrect()","","2026-08-28","passed","2026-08-28","","io.github.filipchyla.shopapi.user.UserIntegrationTest","io.github.filipchyla.shopapi.user.UserIntegrationTest","updatePassword_ShouldChangePassword_WhenCurrentPasswordIsCorrect"
"","343","doFilterInternal_ShouldProceedFilterChain_WhenCsrfTokenAbsent()","","2026-08-28","passed","2026-08-28","","io.github.filipchyla.shopapi.security.filter.CsrfCookieFilterTest","io.github.filipchyla.shopapi.security.filter.CsrfCookieFilterTest","doFilterInternal_ShouldProceedFilterChain_WhenCsrfTokenAbsent"
"","2","authenticate_ShouldThrowException_WhenCredentialsAreInvalid()","","2026-08-28","passed","2026-08-28","","io.github.filipchyla.shopapi.auth.service.AuthenticationServiceTest","io.github.filipchyla.shopapi.auth.service.AuthenticationServiceTest","authenticate_ShouldThrowException_WhenCredentialsAreInvalid"
"","17","getCategoryTree_ShouldNestChildrenUnderTheirParent()","","2026-08-28","passed","2026-08-28","","io.github.filipchyla.shopapi.product.category.CategoryServiceTest.GetCategoryTree","io.github.filipchyla.shopapi.product.category.CategoryServiceTest$GetCategoryTree","getCategoryTree_ShouldNestChildrenUnderTheirParent"
"","19","logout_ShouldRevokeTokenAndClearCookie_WhenCookiePresent()","","2026-08-28","passed","2026-08-28","","io.github.filipchyla.shopapi.auth.AuthenticationControllerTest.LogoutTest","io.github.filipchyla.shopapi.auth.AuthenticationControllerTest$LogoutTest","logout_ShouldRevokeTokenAndClearCookie_WhenCookiePresent"
"","3","updateStock_ShouldPutResultInCache_ForGivenId()","","2026-08-28","passed","2026-08-28","","io.github.filipchyla.shopapi.product.ProductServiceCacheTest.UpdateStock","io.github.filipchyla.shopapi.product.ProductServiceCacheTest$UpdateStock","updateStock_ShouldPutResultInCache_ForGivenId"
"","332","addCategory_CreatesSubcategory_WhenParentIdProvided()","","2026-08-28","passed","2026-08-28","","io.github.filipchyla.shopapi.product.category.CategoryIntegrationTest.AddCategory","io.github.filipchyla.shopapi.product.category.CategoryIntegrationTest$AddCategory","addCategory_CreatesSubcategory_WhenParentIdProvided"
"","3","postCategories_IsNotAccessible_WithoutAuthentication()","","2026-08-28","passed","2026-08-28","","io.github.filipchyla.shopapi.config.authorization.CategoryAuthorizationTest","io.github.filipchyla.shopapi.config.authorization.CategoryAuthorizationTest","postCategories_IsNotAccessible_WithoutAuthentication"
"","10","getProducts_IsAccessible_WithoutAuthentication()","","2026-08-28","passed","2026-08-28","","io.github.filipchyla.shopapi.config.authorization.ProductAuthorizationTest","io.github.filipchyla.shopapi.config.authorization.ProductAuthorizationTest","getProducts_IsAccessible_WithoutAuthentication"
"","332","deleteCategory_ReturnsForbidden_WhenUserIsNotAdmin()","","2026-08-28","passed","2026-08-28","","io.github.filipchyla.shopapi.product.category.CategoryIntegrationTest.DeleteCategory","io.github.filipchyla.shopapi.product.category.CategoryIntegrationTest$DeleteCategory","deleteCategory_ReturnsForbidden_WhenUserIsNotAdmin"
"","9","updatePassword_ShouldReturnBadRequest_WhenNewPasswordIsWeak()","","2026-08-28","passed","2026-08-28","","io.github.filipchyla.shopapi.user.UserControllerTest","io.github.filipchyla.shopapi.user.UserControllerTest","updatePassword_ShouldReturnBadRequest_WhenNewPasswordIsWeak"
"","2","updateCategory_ShouldThrowNotFound_WhenCategoryDoesNotExist()","","2026-08-28","passed","2026-08-28","","io.github.filipchyla.shopapi.product.category.CategoryServiceTest.UpdateCategory","io.github.filipchyla.shopapi.product.category.CategoryServiceTest$UpdateCategory","updateCategory_ShouldThrowNotFound_WhenCategoryDoesNotExist"
"","5","getProducts_ShouldReturnPageOfProducts_WhenNoFiltersProvided()","","2026-08-28","passed","2026-08-28","","io.github.filipchyla.shopapi.product.controller.ProductControllerTest.GetProducts","io.github.filipchyla.shopapi.product.controller.ProductControllerTest$GetProducts","getProducts_ShouldReturnPageOfProducts_WhenNoFiltersProvided"
"","84","generateToken_ShouldReturnValidToken()","","2026-08-28","passed","2026-08-28","","io.github.filipchyla.shopapi.auth.service.JwtServiceTest","io.github.filipchyla.shopapi.auth.service.JwtServiceTest","generateToken_ShouldReturnValidToken"
"","18","patchMe_ShouldReturnBadRequest_WhenRequestIsInvalid()","","2026-08-28","passed","2026-08-28","","io.github.filipchyla.shopapi.user.UserControllerTest","io.github.filipchyla.shopapi.user.UserControllerTest","patchMe_ShouldReturnBadRequest_WhenRequestIsInvalid"
"","10","refresh_ShouldReturnBadRequest_WhenCookieMissing()","","2026-08-28","passed","2026-08-28","","io.github.filipchyla.shopapi.auth.AuthenticationControllerTest.RefreshTokenCookieTest","io.github.filipchyla.shopapi.auth.AuthenticationControllerTest$RefreshTokenCookieTest","refresh_ShouldReturnBadRequest_WhenCookieMissing"
"","5","patchMe_ShouldReturnUpdatedUser_WhenRequestIsValid()","","2026-08-28","passed","2026-08-28","","io.github.filipchyla.shopapi.user.UserControllerTest","io.github.filipchyla.shopapi.user.UserControllerTest","patchMe_ShouldReturnUpdatedUser_WhenRequestIsValid"
"","24","register_ShouldReturnConflict_WhenEmailIsTaken()","","2026-08-28","passed","2026-08-28","","io.github.filipchyla.shopapi.auth.AuthenticationControllerTest.RegisterRequestTest","io.github.filipchyla.shopapi.auth.AuthenticationControllerTest$RegisterRequestTest","register_ShouldReturnConflict_WhenEmailIsTaken"
"","2","getCategoryById_ShouldThrowNotFound_WhenCategoryDoesNotExists()","","2026-08-28","passed","2026-08-28","","io.github.filipchyla.shopapi.product.category.CategoryServiceTest.GetCategoryById","io.github.filipchyla.shopapi.product.category.CategoryServiceTest$GetCategoryById","getCategoryById_ShouldThrowNotFound_WhenCategoryDoesNotExists"
"","4","shouldThrowWhenTokenDoesNotExist()","","2026-08-28","passed","2026-08-28","","io.github.filipchyla.shopapi.auth.service.RefreshTokenServiceTest.RevokeToken","io.github.filipchyla.shopapi.auth.service.RefreshTokenServiceTest$RevokeToken","shouldThrowWhenTokenDoesNotExist"
"","4","updateProduct_ShouldReturnNotFound_WhenCategoryDoesNotExist()","","2026-08-28","passed","2026-08-28","","io.github.filipchyla.shopapi.product.controller.ProductAdminControllerTest.UpdateProduct","io.github.filipchyla.shopapi.product.controller.ProductAdminControllerTest$UpdateProduct","updateProduct_ShouldReturnNotFound_WhenCategoryDoesNotExist"
"","61","addCategory_ShouldEvictTreeCache()","","2026-08-28","passed","2026-08-28","","io.github.filipchyla.shopapi.product.category.CategoryServiceCacheTest.AddCategory","io.github.filipchyla.shopapi.product.category.CategoryServiceCacheTest$AddCategory","addCategory_ShouldEvictTreeCache"
"","7","patchUser_ShouldUpdateUser_WhenUserExists()","","2026-08-28","passed","2026-08-28","","io.github.filipchyla.shopapi.user.UserServiceTest","io.github.filipchyla.shopapi.user.UserServiceTest","patchUser_ShouldUpdateUser_WhenUserExists"
"","3","register_IsAccessible_WithoutAuthentication()","","2026-08-28","passed","2026-08-28","","io.github.filipchyla.shopapi.config.authorization.AuthenticationAuthorizationTest","io.github.filipchyla.shopapi.config.authorization.AuthenticationAuthorizationTest","register_IsAccessible_WithoutAuthentication"
"","83","updateMe_ShouldClearInfo_WhenRequestHasEmptyStrings()","","2026-08-28","passed","2026-08-28","","io.github.filipchyla.shopapi.user.UserIntegrationTest","io.github.filipchyla.shopapi.user.UserIntegrationTest","updateMe_ShouldClearInfo_WhenRequestHasEmptyStrings"
"","3","cookieBasedEndpoints_ShouldNotReturnForbidden_WhenCsrfTokenPresent(HttpMethod, String) [2] method=POST, url=/api/v1/auth/logout","","2026-08-28","passed","2026-08-28","","io.github.filipchyla.shopapi.config.CsrfConfigurationTest","io.github.filipchyla.shopapi.config.CsrfConfigurationTest","cookieBasedEndpoints_ShouldNotReturnForbidden_WhenCsrfTokenPresent"
"","4","shouldThrowWhenOldTokenDoesNotExist()","","2026-08-28","passed","2026-08-28","","io.github.filipchyla.shopapi.auth.service.RefreshTokenServiceTest.RotateToken","io.github.filipchyla.shopapi.auth.service.RefreshTokenServiceTest$RotateToken","shouldThrowWhenOldTokenDoesNotExist"
"","4","updateProduct_ShouldUpdateCategoryAndApplyPatch_WhenProductAndCategoryExist()","","2026-08-28","passed","2026-08-28","","io.github.filipchyla.shopapi.product.ProductServiceTest.UpdateProduct","io.github.filipchyla.shopapi.product.ProductServiceTest$UpdateProduct","updateProduct_ShouldUpdateCategoryAndApplyPatch_WhenProductAndCategoryExist"
"","8","getProduct_ShouldReturnNotFound_WhenProductDoesNotExist()","","2026-08-28","passed","2026-08-28","","io.github.filipchyla.shopapi.product.controller.ProductControllerTest.GetProduct","io.github.filipchyla.shopapi.product.controller.ProductControllerTest$GetProduct","getProduct_ShouldReturnNotFound_WhenProductDoesNotExist"
"","71","authenticate_ShouldReturnAuthenticatedUser_WhenCredentialsAreValid()","","2026-08-28","passed","2026-08-28","","io.github.filipchyla.shopapi.auth.service.AuthenticationServiceTest","io.github.filipchyla.shopapi.auth.service.AuthenticationServiceTest","authenticate_ShouldReturnAuthenticatedUser_WhenCredentialsAreValid"
"","318","register_ShouldReturnConflict_WhenEmailAlreadyUsed()","","2026-08-28","passed","2026-08-28","","io.github.filipchyla.shopapi.auth.AuthIntegrationTest","io.github.filipchyla.shopapi.auth.AuthIntegrationTest","register_ShouldReturnConflict_WhenEmailAlreadyUsed"
"","14","updateProduct_ShouldReturnNotFound_WhenProductDoesNotExist()","","2026-08-28","passed","2026-08-28","","io.github.filipchyla.shopapi.product.controller.ProductAdminControllerTest.UpdateProduct","io.github.filipchyla.shopapi.product.controller.ProductAdminControllerTest$UpdateProduct","updateProduct_ShouldReturnNotFound_WhenProductDoesNotExist"
"","3","getProductById_ShouldReturnProductResponse_WhenProductExists()","","2026-08-28","passed","2026-08-28","","io.github.filipchyla.shopapi.product.ProductServiceTest.GetProductById","io.github.filipchyla.shopapi.product.ProductServiceTest$GetProductById","getProductById_ShouldReturnProductResponse_WhenProductExists"
"","374","deleteCategory_ReturnsUnauthorized_WhenNoTokenProvided()","","2026-08-28","passed","2026-08-28","","io.github.filipchyla.shopapi.product.category.CategoryIntegrationTest.DeleteCategory","io.github.filipchyla.shopapi.product.category.CategoryIntegrationTest$DeleteCategory","deleteCategory_ReturnsUnauthorized_WhenNoTokenProvided"
"","8","update_ShouldUpdateCategoryAndReturnsMappedResponse_WhenRequestIsValid()","","2026-08-28","passed","2026-08-28","","io.github.filipchyla.shopapi.product.category.controller.CategoryAdminControllerTest.UpdateCategory","io.github.filipchyla.shopapi.product.category.controller.CategoryAdminControllerTest$UpdateCategory","update_ShouldUpdateCategoryAndReturnsMappedResponse_WhenRequestIsValid"
"","1","extractUsername_ShouldReturnCorrectUsername()","","2026-08-28","passed","2026-08-28","","io.github.filipchyla.shopapi.auth.service.JwtServiceTest","io.github.filipchyla.shopapi.auth.service.JwtServiceTest","extractUsername_ShouldReturnCorrectUsername"
"","2","shouldThrowWhenTokenDoesNotExist()","","2026-08-28","passed","2026-08-28","","io.github.filipchyla.shopapi.auth.service.RefreshTokenServiceTest.GetUserIdFromToken","io.github.filipchyla.shopapi.auth.service.RefreshTokenServiceTest$GetUserIdFromToken","shouldThrowWhenTokenDoesNotExist"
"","26","getUser_ShouldReturnUser_WhenUserExists()","","2026-08-28","passed","2026-08-28","","io.github.filipchyla.shopapi.user.UserServiceTest","io.github.filipchyla.shopapi.user.UserServiceTest","getUser_ShouldReturnUser_WhenUserExists"
"","2","getProductById_ShouldThrowNotFound_WhenProductDoesNotExist()","","2026-08-28","passed","2026-08-28","","io.github.filipchyla.shopapi.product.ProductServiceTest.GetProductById","io.github.filipchyla.shopapi.product.ProductServiceTest$GetProductById","getProductById_ShouldThrowNotFound_WhenProductDoesNotExist"
"","356","addCategory_EvictsTreeCache_SoNewCategoryIsVisibleImmediately()","","2026-08-28","passed","2026-08-28","","io.github.filipchyla.shopapi.product.category.CategoryIntegrationTest.AddCategory","io.github.filipchyla.shopapi.product.category.CategoryIntegrationTest$AddCategory","addCategory_EvictsTreeCache_SoNewCategoryIsVisibleImmediately"
"","5","addCategory_ShouldCreateCategoryAndReturnsMappedResponse_WhenRequestIsCorrect()","","2026-08-28","passed","2026-08-28","","io.github.filipchyla.shopapi.product.category.controller.CategoryAdminControllerTest.AddCategory","io.github.filipchyla.shopapi.product.category.controller.CategoryAdminControllerTest$AddCategory","addCategory_ShouldCreateCategoryAndReturnsMappedResponse_WhenRequestIsCorrect"
"","2","doFilterInternal_ShouldSetAuthentication_WhenTokenIsValid()","","2026-08-28","passed","2026-08-28","","io.github.filipchyla.shopapi.security.filter.JwtAuthenticationFilterTest","io.github.filipchyla.shopapi.security.filter.JwtAuthenticationFilterTest","doFilterInternal_ShouldSetAuthentication_WhenTokenIsValid"
"","9","headerBasedEndpoints_ShouldNotRequireCsrf()","","2026-08-28","passed","2026-08-28","","io.github.filipchyla.shopapi.config.CsrfConfigurationTest","io.github.filipchyla.shopapi.config.CsrfConfigurationTest","headerBasedEndpoints_ShouldNotRequireCsrf"
"","2","doFilterInternal_ShouldReturnForbidden_WhenUserIsDisabled()","","2026-08-28","passed","2026-08-28","","io.github.filipchyla.shopapi.security.filter.JwtAuthenticationFilterTest","io.github.filipchyla.shopapi.security.filter.JwtAuthenticationFilterTest","doFilterInternal_ShouldReturnForbidden_WhenUserIsDisabled"
"","334","updateCategory_KeepsExistingName_WhenNameIsNull()","","2026-08-28","passed","2026-08-28","","io.github.filipchyla.shopapi.product.category.CategoryIntegrationTest.UpdateCategory","io.github.filipchyla.shopapi.product.category.CategoryIntegrationTest$UpdateCategory","updateCategory_KeepsExistingName_WhenNameIsNull"
"","3","shouldThrowWhenSerializationFails()","","2026-08-28","passed","2026-08-28","","io.github.filipchyla.shopapi.auth.service.RefreshTokenServiceTest.CreateNewToken","io.github.filipchyla.shopapi.auth.service.RefreshTokenServiceTest$CreateNewToken","shouldThrowWhenSerializationFails"
"","4","deleteCategory_ShouldThrowAndNotEvictCache_WhenCategoryDoesNotExist()","","2026-08-28","passed","2026-08-28","","io.github.filipchyla.shopapi.product.category.CategoryServiceCacheTest.DeleteCategory","io.github.filipchyla.shopapi.product.category.CategoryServiceCacheTest$DeleteCategory","deleteCategory_ShouldThrowAndNotEvictCache_WhenCategoryDoesNotExist"
"","326","updateProduct_ReturnsForbidden_WhenUserIsNotAdmin()","","2026-08-28","passed","2026-08-28","","io.github.filipchyla.shopapi.product.ProductIntegrationTest.UpdateProduct","io.github.filipchyla.shopapi.product.ProductIntegrationTest$UpdateProduct","updateProduct_ReturnsForbidden_WhenUserIsNotAdmin"
"","5","register_ShouldReturnBadRequest_WhenPasswordIsWeak()","","2026-08-28","passed","2026-08-28","","io.github.filipchyla.shopapi.auth.AuthenticationControllerTest.RegisterRequestTest","io.github.filipchyla.shopapi.auth.AuthenticationControllerTest$RegisterRequestTest","register_ShouldReturnBadRequest_WhenPasswordIsWeak"
"","1","doFilterInternal_ShouldReturnUnauthorized_WhenTokenIsExpired()","","2026-08-28","passed","2026-08-28","","io.github.filipchyla.shopapi.security.filter.JwtAuthenticationFilterTest","io.github.filipchyla.shopapi.security.filter.JwtAuthenticationFilterTest","doFilterInternal_ShouldReturnUnauthorized_WhenTokenIsExpired"
"","2","isTokenValid_ShouldReturnFalse_WhenUsernameDoesNotMatch()","","2026-08-28","passed","2026-08-28","","io.github.filipchyla.shopapi.auth.service.JwtServiceTest","io.github.filipchyla.shopapi.auth.service.JwtServiceTest","isTokenValid_ShouldReturnFalse_WhenUsernameDoesNotMatch"
"","16","update_ShouldReturnNotFound_WhenIdDoesNotExist()","","2026-08-28","passed","2026-08-28","","io.github.filipchyla.shopapi.product.category.controller.CategoryAdminControllerTest.UpdateCategory","io.github.filipchyla.shopapi.product.category.controller.CategoryAdminControllerTest$UpdateCategory","update_ShouldReturnNotFound_WhenIdDoesNotExist"
"","326","addCategory_ReturnsForbidden_WhenUserIsNotAdmin()","","2026-08-28","passed","2026-08-28","","io.github.filipchyla.shopapi.product.category.CategoryIntegrationTest.AddCategory","io.github.filipchyla.shopapi.product.category.CategoryIntegrationTest$AddCategory","addCategory_ReturnsForbidden_WhenUserIsNotAdmin"
"","10","authenticate_ShouldReturnBadRequest_WhenCredentialsAreInvalid()","","2026-08-28","passed","2026-08-28","","io.github.filipchyla.shopapi.auth.AuthenticationControllerTest.AuthenticationRequestTest","io.github.filipchyla.shopapi.auth.AuthenticationControllerTest$AuthenticationRequestTest","authenticate_ShouldReturnBadRequest_WhenCredentialsAreInvalid"
"","7","refresh_ShouldNotRotateTokenAndReturnNewAccessToken_WhenCookieIsWrongOrExpired()","","2026-08-28","passed","2026-08-28","","io.github.filipchyla.shopapi.auth.AuthenticationControllerTest.RefreshTokenCookieTest","io.github.filipchyla.shopapi.auth.AuthenticationControllerTest$RefreshTokenCookieTest","refresh_ShouldNotRotateTokenAndReturnNewAccessToken_WhenCookieIsWrongOrExpired"
"","2","postCategories_ReturnsForbidden_WhenUser()","","2026-08-28","passed","2026-08-28","","io.github.filipchyla.shopapi.config.authorization.CategoryAuthorizationTest","io.github.filipchyla.shopapi.config.authorization.CategoryAuthorizationTest","postCategories_ReturnsForbidden_WhenUser"
"","342","deleteProduct_ReturnsForbidden_WhenUserIsNotAdmin()","","2026-08-28","passed","2026-08-28","","io.github.filipchyla.shopapi.product.ProductIntegrationTest.DeleteProduct","io.github.filipchyla.shopapi.product.ProductIntegrationTest$DeleteProduct","deleteProduct_ReturnsForbidden_WhenUserIsNotAdmin"
"","5","authenticate_ShouldReturnAccessTokenAndSetRefreshCookie_WhenRequestIsValid()","","2026-08-28","passed","2026-08-28","","io.github.filipchyla.shopapi.auth.AuthenticationControllerTest.AuthenticationRequestTest","io.github.filipchyla.shopapi.auth.AuthenticationControllerTest$AuthenticationRequestTest","authenticate_ShouldReturnAccessTokenAndSetRefreshCookie_WhenRequestIsValid"
"","165","logout_ClearsCookieAndInvalidatesToken()","","2026-08-28","passed","2026-08-28","","io.github.filipchyla.shopapi.auth.AuthIntegrationTest","io.github.filipchyla.shopapi.auth.AuthIntegrationTest","logout_ClearsCookieAndInvalidatesToken"
"","319","getProducts_ReturnsBadRequest_WhenSortFieldIsNotAllowed()","","2026-08-28","passed","2026-08-28","","io.github.filipchyla.shopapi.product.ProductIntegrationTest.GetProducts","io.github.filipchyla.shopapi.product.ProductIntegrationTest$GetProducts","getProducts_ReturnsBadRequest_WhenSortFieldIsNotAllowed"
"","330","updateCategory_ReturnsNotFound_WhenCategoryDoesNotExist()","","2026-08-28","passed","2026-08-28","","io.github.filipchyla.shopapi.product.category.CategoryIntegrationTest.UpdateCategory","io.github.filipchyla.shopapi.product.category.CategoryIntegrationTest$UpdateCategory","updateCategory_ReturnsNotFound_WhenCategoryDoesNotExist"
"","6","getCategoryTree_ShouldReturnAllCategoriesAsRoots_WhenNoneHaveParent()","","2026-08-28","passed","2026-08-28","","io.github.filipchyla.shopapi.product.category.CategoryServiceTest.GetCategoryTree","io.github.filipchyla.shopapi.product.category.CategoryServiceTest$GetCategoryTree","getCategoryTree_ShouldReturnAllCategoriesAsRoots_WhenNoneHaveParent"
"","11","refresh_ShouldRotateTokenAndReturnNewAccessToken_WhenRequestIsValid()","","2026-08-28","passed","2026-08-28","","io.github.filipchyla.shopapi.auth.AuthenticationControllerTest.RefreshTokenCookieTest","io.github.filipchyla.shopapi.auth.AuthenticationControllerTest$RefreshTokenCookieTest","refresh_ShouldRotateTokenAndReturnNewAccessToken_WhenRequestIsValid"
"","4","changePassword_IsAccessible_WhenAuthenticated()","","2026-08-28","passed","2026-08-28","","io.github.filipchyla.shopapi.config.authorization.UserAuthorizationTest","io.github.filipchyla.shopapi.config.authorization.UserAuthorizationTest","changePassword_IsAccessible_WhenAuthenticated"
"","338","updateProduct_ReturnsNotFound_WhenNewCategoryDoesNotExist()","","2026-08-28","passed","2026-08-28","","io.github.filipchyla.shopapi.product.ProductIntegrationTest.UpdateProduct","io.github.filipchyla.shopapi.product.ProductIntegrationTest$UpdateProduct","updateProduct_ReturnsNotFound_WhenNewCategoryDoesNotExist"
"","330","getCategories_ReturnsNestedTree_WhenParentAndChildExist()","","2026-08-28","passed","2026-08-28","","io.github.filipchyla.shopapi.product.category.CategoryIntegrationTest.GetCategories","io.github.filipchyla.shopapi.product.category.CategoryIntegrationTest$GetCategories","getCategories_ReturnsNestedTree_WhenParentAndChildExist"
"","429","updateMe_ShouldUpdateUser_WhenUserExists()","","2026-08-28","passed","2026-08-28","","io.github.filipchyla.shopapi.user.UserIntegrationTest","io.github.filipchyla.shopapi.user.UserIntegrationTest","updateMe_ShouldUpdateUser_WhenUserExists"
"","343","updateCategory_ReturnsBadRequest_WhenNameTooShort()","","2026-08-28","passed","2026-08-28","","io.github.filipchyla.shopapi.product.category.CategoryIntegrationTest.UpdateCategory","io.github.filipchyla.shopapi.product.category.CategoryIntegrationTest$UpdateCategory","updateCategory_ReturnsBadRequest_WhenNameTooShort"
"","2","deleteCategory_ReturnsForbidden_WhenUser()","","2026-08-28","passed","2026-08-28","","io.github.filipchyla.shopapi.config.authorization.CategoryAuthorizationTest","io.github.filipchyla.shopapi.config.authorization.CategoryAuthorizationTest","deleteCategory_ReturnsForbidden_WhenUser"
"","4","register_ShouldReturnBadRequest_WhenEmailIsInvalid()","","2026-08-28","passed","2026-08-28","","io.github.filipchyla.shopapi.auth.AuthenticationControllerTest.RegisterRequestTest","io.github.filipchyla.shopapi.auth.AuthenticationControllerTest$RegisterRequestTest","register_ShouldReturnBadRequest_WhenEmailIsInvalid"
"","6","getCategories_IsAccessible_WithoutAuthentication()","","2026-08-28","passed","2026-08-28","","io.github.filipchyla.shopapi.config.authorization.CategoryAuthorizationTest","io.github.filipchyla.shopapi.config.authorization.CategoryAuthorizationTest","getCategories_IsAccessible_WithoutAuthentication"
"","5","updateStock_IsAccessible_WhenAdmin()","","2026-08-28","passed","2026-08-28","","io.github.filipchyla.shopapi.config.authorization.ProductAuthorizationTest","io.github.filipchyla.shopapi.config.authorization.ProductAuthorizationTest","updateStock_IsAccessible_WhenAdmin"
"","329","updateStock_DecreasesQuantity_WhenAdminAndValidRequest()","","2026-08-28","passed","2026-08-28","","io.github.filipchyla.shopapi.product.ProductIntegrationTest.UpdateStock","io.github.filipchyla.shopapi.product.ProductIntegrationTest$UpdateStock","updateStock_DecreasesQuantity_WhenAdminAndValidRequest"
"","164","updatePassword_ShouldReturnError_WhenCurrentPasswordIsIncorrect()","","2026-08-28","passed","2026-08-28","","io.github.filipchyla.shopapi.user.UserIntegrationTest","io.github.filipchyla.shopapi.user.UserIntegrationTest","updatePassword_ShouldReturnError_WhenCurrentPasswordIsIncorrect"
"","8","getCategories_ShouldReturnEmptyArray_WhenNoCategoriesExist()","","2026-08-28","passed","2026-08-28","","io.github.filipchyla.shopapi.product.category.controller.CategoryControllerTest.GetCategories","io.github.filipchyla.shopapi.product.category.controller.CategoryControllerTest$GetCategories","getCategories_ShouldReturnEmptyArray_WhenNoCategoriesExist"
"","5","changePassword_IsNotAccessible_WithoutAuthentication()","","2026-08-28","passed","2026-08-28","","io.github.filipchyla.shopapi.config.authorization.UserAuthorizationTest","io.github.filipchyla.shopapi.config.authorization.UserAuthorizationTest","changePassword_IsNotAccessible_WithoutAuthentication"
"","4","updateStock_ShouldShouldSubtractQuantity_WhenDifferenceIsNegative()","","2026-08-28","passed","2026-08-28","","io.github.filipchyla.shopapi.product.ProductServiceTest.UpdateStock","io.github.filipchyla.shopapi.product.ProductServiceTest$UpdateStock","updateStock_ShouldShouldSubtractQuantity_WhenDifferenceIsNegative"
"","7","shouldUseDifferentFamilyForEachNewSession()","","2026-08-28","passed","2026-08-28","","io.github.filipchyla.shopapi.auth.service.RefreshTokenServiceTest.CreateNewToken","io.github.filipchyla.shopapi.auth.service.RefreshTokenServiceTest$CreateNewToken","shouldUseDifferentFamilyForEachNewSession"
"","336","updateStock_UpdatesQuantity_WhenAdminAndValidRequest()","","2026-08-28","passed","2026-08-28","","io.github.filipchyla.shopapi.product.ProductIntegrationTest.UpdateStock","io.github.filipchyla.shopapi.product.ProductIntegrationTest$UpdateStock","updateStock_UpdatesQuantity_WhenAdminAndValidRequest"
"","2","findProducts_ShouldThrowIllegalArgumentException_WhenMinPriceGreaterThanMaxPrice()","","2026-08-28","passed","2026-08-28","","io.github.filipchyla.shopapi.product.ProductServiceTest.FindProducts","io.github.filipchyla.shopapi.product.ProductServiceTest$FindProducts","findProducts_ShouldThrowIllegalArgumentException_WhenMinPriceGreaterThanMaxPrice"
"","68","updateProduct_ShouldNotWriteToCache_WhenCategoryDoesNotExist()","","2026-08-28","passed","2026-08-28","","io.github.filipchyla.shopapi.product.ProductServiceCacheTest.UpdateProduct","io.github.filipchyla.shopapi.product.ProductServiceCacheTest$UpdateProduct","updateProduct_ShouldNotWriteToCache_WhenCategoryDoesNotExist"
"","5","deleteCategory_ShouldEvictTreeCache()","","2026-08-28","passed","2026-08-28","","io.github.filipchyla.shopapi.product.category.CategoryServiceCacheTest.DeleteCategory","io.github.filipchyla.shopapi.product.category.CategoryServiceCacheTest$DeleteCategory","deleteCategory_ShouldEvictTreeCache"
"","3","getCategoryTree_ShouldStoreResultUnderExpectedCacheKey()","","2026-08-28","passed","2026-08-28","","io.github.filipchyla.shopapi.product.category.CategoryServiceCacheTest.GetCategoryTree","io.github.filipchyla.shopapi.product.category.CategoryServiceCacheTest$GetCategoryTree","getCategoryTree_ShouldStoreResultUnderExpectedCacheKey"
"","335","addProduct_CreatesProduct_WhenAdminAndValidRequest()","","2026-08-28","passed","2026-08-28","","io.github.filipchyla.shopapi.product.ProductIntegrationTest.AddProduct","io.github.filipchyla.shopapi.product.ProductIntegrationTest$AddProduct","addProduct_CreatesProduct_WhenAdminAndValidRequest"
"","2","updateStock_ShouldUpdateStockAndReturnMappedResponse_WhenRequestIsValid()","","2026-08-28","passed","2026-08-28","","io.github.filipchyla.shopapi.product.controller.ProductAdminControllerTest.UpdateStock","io.github.filipchyla.shopapi.product.controller.ProductAdminControllerTest$UpdateStock","updateStock_ShouldUpdateStockAndReturnMappedResponse_WhenRequestIsValid"
"","328","getCategories_DoesNotRequireAuthentication()","","2026-08-28","passed","2026-08-28","","io.github.filipchyla.shopapi.product.category.CategoryIntegrationTest.GetCategories","io.github.filipchyla.shopapi.product.category.CategoryIntegrationTest$GetCategories","getCategories_DoesNotRequireAuthentication"
"","328","addProduct_ReturnsNotFound_WhenCategoryIdDoesNotExist()","","2026-08-28","passed","2026-08-28","","io.github.filipchyla.shopapi.product.ProductIntegrationTest.AddProduct","io.github.filipchyla.shopapi.product.ProductIntegrationTest$AddProduct","addProduct_ReturnsNotFound_WhenCategoryIdDoesNotExist"
"","364","deleteCategory_DeletesCategory_WhenAdminAndCategoryExists()","","2026-08-28","passed","2026-08-28","","io.github.filipchyla.shopapi.product.category.CategoryIntegrationTest.DeleteCategory","io.github.filipchyla.shopapi.product.category.CategoryIntegrationTest$DeleteCategory","deleteCategory_DeletesCategory_WhenAdminAndCategoryExists"
"","2","updateStock_IsNotAccessible_WithoutAuthentication()","","2026-08-28","passed","2026-08-28","","io.github.filipchyla.shopapi.config.authorization.ProductAuthorizationTest","io.github.filipchyla.shopapi.config.authorization.ProductAuthorizationTest","updateStock_IsNotAccessible_WithoutAuthentication"
"","119","deleteMe_ShouldDeactivateCurrentUser()","","2026-08-28","passed","2026-08-28","","io.github.filipchyla.shopapi.user.UserIntegrationTest","io.github.filipchyla.shopapi.user.UserIntegrationTest","deleteMe_ShouldDeactivateCurrentUser"
"","323","getProduct_ReturnsProduct_WhenProductExists()","","2026-08-28","passed","2026-08-28","","io.github.filipchyla.shopapi.product.ProductIntegrationTest.GetProduct","io.github.filipchyla.shopapi.product.ProductIntegrationTest$GetProduct","getProduct_ReturnsProduct_WhenProductExists"
"","3","updateProduct_ShouldThrowNotFound_WhenCategoryDoesNotExist()","","2026-08-28","passed","2026-08-28","","io.github.filipchyla.shopapi.product.ProductServiceTest.UpdateProduct","io.github.filipchyla.shopapi.product.ProductServiceTest$UpdateProduct","updateProduct_ShouldThrowNotFound_WhenCategoryDoesNotExist"
"","5","getMe_ShouldReturnUser_WhenUserExist()","","2026-08-28","passed","2026-08-28","","io.github.filipchyla.shopapi.user.UserControllerTest","io.github.filipchyla.shopapi.user.UserControllerTest","getMe_ShouldReturnUser_WhenUserExist"
"","2","updateStock_ShouldThrowInvalidStockQuantity_WhenStockQuantityWouldBeNegative()","","2026-08-28","passed","2026-08-28","","io.github.filipchyla.shopapi.product.ProductServiceTest.UpdateStock","io.github.filipchyla.shopapi.product.ProductServiceTest$UpdateStock","updateStock_ShouldThrowInvalidStockQuantity_WhenStockQuantityWouldBeNegative"
"","2","doFilterInternal_ShouldThrowClassCastException_WhenCsrfAttributeHasWrongType()","","2026-08-28","passed","2026-08-28","","io.github.filipchyla.shopapi.security.filter.CsrfCookieFilterTest","io.github.filipchyla.shopapi.security.filter.CsrfCookieFilterTest","doFilterInternal_ShouldThrowClassCastException_WhenCsrfAttributeHasWrongType"
"","10","deactivateUser_ShouldSetEnabledToFalse_WhenUserExists()","","2026-08-28","passed","2026-08-28","","io.github.filipchyla.shopapi.user.UserServiceTest","io.github.filipchyla.shopapi.user.UserServiceTest","deactivateUser_ShouldSetEnabledToFalse_WhenUserExists"
"","328","addCategory_ReturnsNotFound_WhenParentIdDoesNotExist()","","2026-08-28","passed","2026-08-28","","io.github.filipchyla.shopapi.product.category.CategoryIntegrationTest.AddCategory","io.github.filipchyla.shopapi.product.category.CategoryIntegrationTest$AddCategory","addCategory_ReturnsNotFound_WhenParentIdDoesNotExist"
"","2","shouldThrowWhenDeserializationFails()","","2026-08-28","passed","2026-08-28","","io.github.filipchyla.shopapi.auth.service.RefreshTokenServiceTest.GetUserIdFromToken","io.github.filipchyla.shopapi.auth.service.RefreshTokenServiceTest$GetUserIdFromToken","shouldThrowWhenDeserializationFails"
"","12","createUser_ShouldSaveUser_WhenEmailIsNotTaken()","","2026-08-28","passed","2026-08-28","","io.github.filipchyla.shopapi.user.UserServiceTest","io.github.filipchyla.shopapi.user.UserServiceTest","createUser_ShouldSaveUser_WhenEmailIsNotTaken"
"","9","logoutAll_IsAccessible_WhenAuthenticated()","","2026-08-28","passed","2026-08-28","","io.github.filipchyla.shopapi.config.authorization.AuthenticationAuthorizationTest","io.github.filipchyla.shopapi.config.authorization.AuthenticationAuthorizationTest","logoutAll_IsAccessible_WhenAuthenticated"
"","320","addProduct_ReturnsUnauthorized_WhenNoTokenProvided()","","2026-08-28","passed","2026-08-28","","io.github.filipchyla.shopapi.product.ProductIntegrationTest.AddProduct","io.github.filipchyla.shopapi.product.ProductIntegrationTest$AddProduct","addProduct_ReturnsUnauthorized_WhenNoTokenProvided"
"","3","shouldCreateTokenAndSaveItsData()","","2026-08-28","passed","2026-08-28","","io.github.filipchyla.shopapi.auth.service.RefreshTokenServiceTest.CreateNewToken","io.github.filipchyla.shopapi.auth.service.RefreshTokenServiceTest$CreateNewToken","shouldCreateTokenAndSaveItsData"
"","3","getCategoryById_ShouldReturnCategory_WhenItExists()","","2026-08-28","passed","2026-08-28","","io.github.filipchyla.shopapi.product.category.CategoryServiceTest.GetCategoryById","io.github.filipchyla.shopapi.product.category.CategoryServiceTest$GetCategoryById","getCategoryById_ShouldReturnCategory_WhenItExists"
"","6","getUserEntity_ShouldReturnUserEntity_WhenUserExists()","","2026-08-28","passed","2026-08-28","","io.github.filipchyla.shopapi.user.UserServiceTest","io.github.filipchyla.shopapi.user.UserServiceTest","getUserEntity_ShouldReturnUserEntity_WhenUserExists"
"","3","deleteCategory_IsAccessible_WhenAdmin()","","2026-08-28","passed","2026-08-28","","io.github.filipchyla.shopapi.config.authorization.CategoryAuthorizationTest","io.github.filipchyla.shopapi.config.authorization.CategoryAuthorizationTest","deleteCategory_IsAccessible_WhenAdmin"
