GROUP,PACKAGE,CLASS,INSTRUCTION_MISSED,INSTRUCTION_COVERED,BRANCH_MISSED,BRANCH_COVERED,LINE_MISSED,LINE_COVERED,COMPLEXITY_MISSED,COMPLEXITY_COVERED,METHOD_MISSED,METHOD_COVERED
shop-api,io.github.filipchyla.shopapi.cart.exception,InsufficientStockException,0,4,0,0,0,2,0,1,0,1
shop-api,io.github.filipchyla.shopapi.cart.exception,CartItemNotFoundException,0,4,0,0,0,2,0,1,0,1
shop-api,io.github.filipchyla.shopapi.cart.exception,CartItemLimitExceededException,0,4,0,0,0,2,0,1,0,1
shop-api,io.github.filipchyla.shopapi.cart.domain,Cart,0,112,0,6,0,29,0,13,0,10
shop-api,io.github.filipchyla.shopapi.cart.domain,GuestCart,0,95,0,8,0,19,0,13,0,9
shop-api,io.github.filipchyla.shopapi.product.category.controller,CategoryAdminController,0,29,0,0,0,7,0,3,0,3
shop-api,io.github.filipchyla.shopapi.product.category.controller,CategoryController,0,5,0,0,0,1,0,1,0,1
shop-api,io.github.filipchyla.shopapi.security,UserPrincipal,0,24,0,0,0,5,0,5,0,5
shop-api,io.github.filipchyla.shopapi.security,CustomUserDetailsService,0,20,0,0,0,3,0,2,0,2
shop-api,io.github.filipchyla.shopapi.exception,GlobalExceptionHandler,30,117,0,0,10,37,2,9,2,9
shop-api,io.github.filipchyla.shopapi.product,ProductService,13,198,3,11,3,38,4,16,1,12
shop-api,io.github.filipchyla.shopapi.product,ProductSpecification,3,75,0,6,1,12,1,12,1,9
shop-api,io.github.filipchyla.shopapi.role,Role,0,11,0,0,0,2,0,2,0,2
shop-api,io.github.filipchyla.shopapi.role,RoleName,0,15,0,0,0,3,0,1,0,1
shop-api,io.github.filipchyla.shopapi.role,RoleNotFoundException,4,0,0,0,2,0,1,0,1,0
shop-api,io.github.filipchyla.shopapi.cart,CartFacade,0,159,0,8,0,21,0,19,0,15
shop-api,io.github.filipchyla.shopapi.cart,CartLimitPolicy,0,66,0,8,0,19,0,10,0,6
shop-api,io.github.filipchyla.shopapi.cart,CartController,0,104,0,2,0,20,0,7,0,6
shop-api,io.github.filipchyla.shopapi.cart,AddItemOutcome.Added,0,6,0,0,0,1,0,1,0,1
shop-api,io.github.filipchyla.shopapi.cart,AddItemOutcome.Rejected,0,6,0,0,0,1,0,1,0,1
shop-api,io.github.filipchyla.shopapi.cart,CartTokenCookieFactory,2,50,1,1,0,20,1,3,0,3
shop-api,io.github.filipchyla.shopapi.cart,PriceCalculator,0,23,0,2,0,5,0,4,0,3
shop-api,io.github.filipchyla.shopapi.auth.exception,IncorrectPasswordException,0,4,0,0,0,2,0,1,0,1
shop-api,io.github.filipchyla.shopapi.auth.exception,RefreshTokenReuseException,0,4,0,0,0,2,0,1,0,1
shop-api,io.github.filipchyla.shopapi.auth.exception,EmailTakenException,0,4,0,0,0,2,0,1,0,1
shop-api,io.github.filipchyla.shopapi.auth.exception,UserDisabledException,0,4,0,0,0,2,0,1,0,1
shop-api,io.github.filipchyla.shopapi.auth.exception,InvalidRefreshTokenException,0,4,0,0,0,2,0,1,0,1
shop-api,io.github.filipchyla.shopapi.product.exception,InvalidStockQuantityException,0,4,0,0,0,2,0,1,0,1
shop-api,io.github.filipchyla.shopapi.product.exception,InvalidFilteringArgumentException,0,4,0,0,0,2,0,1,0,1
shop-api,io.github.filipchyla.shopapi.product.exception,ProductNotFoundException,0,4,0,0,0,2,0,1,0,1
shop-api,io.github.filipchyla.shopapi.auth,AuthenticationFacade,0,124,0,4,0,25,0,9,0,7
shop-api,io.github.filipchyla.shopapi.auth,RefreshTokenCookieFactory,0,37,0,0,0,15,0,3,0,3
shop-api,io.github.filipchyla.shopapi.auth,AuthenticationController,0,111,0,0,0,21,0,5,0,5
shop-api,io.github.filipchyla.shopapi.user.validation,PasswordConstraintValidator,7,64,2,12,3,23,2,7,0,2
shop-api,io.github.filipchyla.shopapi.user,UserNotFoundException,0,4,0,0,0,2,0,1,0,1
shop-api,io.github.filipchyla.shopapi.user,UserController,0,42,0,0,0,6,0,4,0,4
shop-api,io.github.filipchyla.shopapi.user,UserService,26,104,0,2,0,23,4,7,4,6
shop-api,io.github.filipchyla.shopapi.product.category,CategoryService,0,182,0,18,0,39,0,16,0,7
shop-api,io.github.filipchyla.shopapi.product.category.exception,CategoryNotFoundException,0,4,0,0,0,2,0,1,0,1
shop-api,io.github.filipchyla.shopapi.product.category.exception,CircularCategoryReferenceException,0,4,0,0,0,2,0,1,0,1
shop-api,io.github.filipchyla.shopapi.config,SecurityConfiguration,0,217,0,0,0,37,0,9,0,9
shop-api,io.github.filipchyla.shopapi.config,RedisConfig,0,86,0,0,0,26,0,4,0,4
shop-api,io.github.filipchyla.shopapi.cart.mapper,GuestCartMapper,2,34,1,1,1,7,1,2,0,2
shop-api,io.github.filipchyla.shopapi.cart.service,CartMergeService,0,80,0,6,0,11,0,4,0,1
shop-api,io.github.filipchyla.shopapi.cart.service,GuestCartService,7,284,0,14,2,56,0,19,0,12
shop-api,io.github.filipchyla.shopapi.cart.service,CartService,0,193,0,8,0,34,0,12,0,8
shop-api,io.github.filipchyla.shopapi.auth.service,JwtService,0,66,0,0,0,23,0,6,0,6
shop-api,io.github.filipchyla.shopapi.auth.service,RefreshTokenService,14,475,4,18,4,95,4,28,0,21
shop-api,io.github.filipchyla.shopapi.auth.service,AuthenticationService,0,62,0,2,0,14,0,4,0,3
shop-api,io.github.filipchyla.shopapi.security.filter,JwtAuthenticationFilter,0,98,0,12,0,27,0,8,0,2
shop-api,io.github.filipchyla.shopapi.security.filter,CsrfCookieFilter,0,18,0,2,0,6,0,3,0,2
shop-api,io.github.filipchyla.shopapi.exception.base,UnauthorizedException,0,4,0,0,0,2,0,1,0,1
shop-api,io.github.filipchyla.shopapi.exception.base,ConflictException,0,4,0,0,0,2,0,1,0,1
shop-api,io.github.filipchyla.shopapi.exception.base,BadRequestException,0,4,0,0,0,2,0,1,0,1
shop-api,io.github.filipchyla.shopapi.exception.base,NotFoundException,0,4,0,0,0,2,0,1,0,1
shop-api,io.github.filipchyla.shopapi.product.controller,ProductAdminController,0,42,0,0,0,8,0,4,0,4
shop-api,io.github.filipchyla.shopapi.product.controller,ProductController,0,44,0,2,0,10,0,6,0,5
